	INSTNM	HIGHDEG	CONTROL	ADM_RATE2020	UGDS2020	ADM_RATE2019	ADM_RATE2018	ADM_RATE2017	ADM_RATE2016	ADM_RATE2015	ADM_RATE2014	ADM_RATE2013
0	Alabama A & M University	4	1	0.8965	5090.0	0.9175	0.8986	0.9027	0.8738	0.6538	0.5256	0.8989
1	University of Alabama at Birmingham	4	1	0.806	13549.0	0.7366	0.9211	0.9181	0.5814	0.6043	0.8569	0.8673
2	University of Alabama in Huntsville	4	1	0.7711	7825.0	0.8257	0.8087	0.8123	0.7628	0.812	0.8203	0.8062
3	Alabama State University	4	1	0.9888	3603.0	0.969	0.9774	0.9787	0.459	0.4639	0.5326	0.5125
4	The University of Alabama	4	1	0.8039	30610.0	0.8268	0.5906	0.533	0.5259	0.5359	0.5105	0.5655
5	Auburn University at Montgomery	4	1	0.9555	4301.0	0.9044	0.9281	0.824	0.7659	0.7871	0.8017	0.8371
6	Auburn University	4	1	0.8507	24368.0	0.8067	0.7543	0.8393	0.8054	0.7766	0.8347	0.8274
7	Jacksonville State University	4	1	0.6369	6776.0	0.5479	0.543	0.5402	0.5308	0.6665	0.8326	0.8326
8	University of North Alabama	4	1	0.8266	5411.0	0.8878	0.6434	0.7022	0.5574	0.58	0.6788	0.8092
9	University of South Alabama	4	1	0.7303	8787.0	0.7869	0.7931	0.8208	0.805	0.7816	0.8351	0.8604
10	Troy University	4	1	0.9243	12294.0	0.8757	0.8767	0.8812	0.9125	0.9187	0.7326	0.6821
11	University of Alaska Anchorage	4	1	0.7683	8257.0	0.8296	0.8115	0.8283	0.8285	0.706		
12	University of Alaska Fairbanks	4	1	0.6701	4259.0	0.7599	0.7611	0.767	0.7347	0.731		
13	Arizona State University Campus Immersion	4	1	0.8837	62633.0	0.8647	0.8478	0.8415	0.825	0.8291	0.8433	0.8023
14	University of Arizona	4	1	0.8513	34659.0	0.8459	0.8442	0.8358	0.7862	0.7643	0.7462	0.7692
15	Northern Arizona University	4	1	0.8164	24880.0	0.8489	0.8262	0.8085	0.7804	0.7687	0.8099	0.9137
16	University of Arkansas at Little Rock	4	1	0.5604	5620.0	0.6582	0.7933	0.7463	0.8983	0.8983	0.5928	0.5274
17	University of Arkansas	4	1	0.7767	22624.0	0.7709	0.7747	0.6596	0.632	0.6006	0.6204	0.5858
18	Arkansas State University	4	1	0.6719	7739.0	0.7991	0.7721	0.6602	0.704	0.7024	0.7239	0.7551
19	Arkansas Tech University	4	1	0.9766	7384.0	0.9474	0.9024	0.9475	0.6391	0.8911	0.8626	0.8503
20	University of Central Arkansas	4	1	0.9378	8237.0	0.9042	0.911	0.8995	0.8978	0.9218	0.9426	0.8997
21	Southern Arkansas University Main Campus	4	1	0.6853	3121.0	0.6506	0.6878	0.6945	0.6913	0.6748	0.7142	0.6081
22	University of Arkansas-Fort Smith	4	1		4615.0					0.5581	0.5629	0.5736
23	Antelope Valley Community College District	3	1		10716.0							
24	Bakersfield College	3	1		18571.0							
25	California Polytechnic State University-San Luis Obispo	4	1	0.3843	21451.0	0.2842	0.3017	0.3461	0.2949	0.3129	0.3089	0.3123
26	California State University-Bakersfield	4	1	0.7838	9955.0	0.8071	0.6051	0.6112	0.6782	0.6875	0.706	0.6626
27	California State University-Stanislaus	4	1	0.8932	9855.0	0.8929	0.8582	0.7706	0.7434	0.7063	0.7272	0.7215
28	California State University-San Bernardino	4	1	0.7812	17037.0	0.6856	0.5483	0.5713	0.5814	0.6459	0.8445	0.5831
29	California State Polytechnic University-Pomona	4	1	0.6481	27862.0	0.5459	0.5515	0.5507	0.5916	0.3931	0.5187	0.5218
30	California State University-Chico	4	1	0.9017	15689.0	0.7233	0.6526	0.6778	0.6525	0.6345	0.7096	0.7161
31	California State University-Dominguez Hills	4	1	0.812	16013.0	0.77	0.6394	0.5368	0.4791	0.5277	0.4234	0.5747
32	California State University-Fresno	4	1	0.9011	22334.0	0.5794	0.5753	0.5941	0.5354	0.5219	0.594	0.5815
33	California State University-Fullerton	4	1	0.6762	36874.0	0.5269	0.4341	0.4572	0.4823	0.4186	0.4447	0.4579
34	California State University-East Bay	4	1	0.7328	13041.0	0.7618	0.716	0.7405	0.6975	0.7403	0.7031	0.6872
35	California State University-Long Beach	4	1	0.4212	34188.0	0.3927	0.3121	0.2799	0.3189	0.3382	0.3546	0.3082
36	California State University-Los Angeles	4	1	0.7648	22820.0	0.4781	0.4152	0.4645	0.637	0.6813	0.6107	0.6752
37	California State University-Northridge	4	1	0.6581	34881.0	0.5934	0.5063	0.5765	0.4824	0.456	0.5286	0.4624
38	California State University-Sacramento	4	1	0.8309	29228.0	0.8226	0.6386	0.6776	0.7194	0.6725	0.7265	0.6968
39	University of California-Berkeley	4	1	0.1748	30796.0	0.1625	0.1484	0.1711	0.1693	0.1688	0.1602	0.18
40	University of California-Davis	4	1	0.4635	31142.0	0.3887	0.4107	0.4336	0.4228	0.3795	0.4037	0.4521
41	University of California-Irvine	4	1	0.2992	29627.0	0.2654	0.2876	0.3651	0.4065	0.3868	0.3742	0.4239
42	University of California-Los Angeles	4	1	0.1433	31636.0	0.1232	0.1404	0.161	0.1799	0.1728	0.1856	0.2199
43	University of California-Riverside	4	1	0.6578	22609.0	0.5652	0.5057	0.565	0.6634	0.556	0.5829	0.62
44	University of California-San Diego	4	1	0.3661	31827.0	0.3148	0.3006	0.3399	0.3566	0.3374	0.3329	0.375
45	University of California-Santa Barbara	4	1	0.367	23166.0	0.2956	0.322	0.3281	0.3577	0.3264	0.3634	0.4444
46	University of California-Santa Cruz	4	1	0.6473	17207.0	0.5131	0.4737	0.5094	0.5785	0.5029	0.5572	0.5991
47	Cypress College	3	1		13906.0							
48	Foothill College	3	1		12519.0							
49	Humboldt State University	4	1	0.8514	5991.0	0.9217	0.7679	0.8183	0.7709	0.77	0.7655	0.8018
50	MiraCosta College	3	1		11825.0							
51	Modesto Junior College	3	1		15172.0							
52	Santa Ana College	3	1		18076.0							
53	Rio Hondo College	3	1		14152.0							
54	San Diego Mesa College	3	1		17661.0							
55	San Diego State University	4	1	0.367	31293.0	0.3413	0.3458	0.3542	0.3464	0.3441	0.3448	0.3121
56	San Francisco State University	4	1	0.8409	23411.0	0.673	0.7176	0.7046	0.682	0.6788	0.6597	0.6379
57	San Jose State University	4	1	0.6737	27614.0	0.6357	0.5466	0.6688	0.5344	0.5522	0.5985	0.6347
58	Santa Monica College	3	1		23696.0							
59	Shasta College	3	1		5611.0							
60	Skyline College	3	1		6694.0							
61	Solano Community College	3	1		8032.0							
62	Sonoma State University	4	1	0.8912	7231.0	0.9119	0.8965	0.8203	0.7627	0.7655	0.8002	0.8186
63	West Los Angeles College	3	1		9579.0							
64	University of Colorado Denver/Anschutz Medical Campus	4	1	0.663	11392.0	0.6731	0.6363	0.6522	0.6052	0.6742	0.7299	0.7587
65	University of Colorado Colorado Springs	4	1	0.8961	9839.0	0.8719	0.9118	0.9281	0.9286	0.9206	0.924	0.91
66	University of Colorado Boulder	4	1	0.842	29779.0	0.7835	0.8154	0.7984	0.7662	0.7962	0.8416	0.8771
67	Colorado School of Mines	4	1	0.5497	5173.0	0.5308	0.4919	0.5572	0.4035	0.3767	0.3647	0.3743
68	Colorado State University-Fort Collins	4	1	0.8352	23332.0	0.8135	0.8387	0.8262	0.7796	0.8082	0.8048	0.7743
69	Community College of Denver	3	1		5761.0							
70	Fort Lewis College	4	1	0.9151	3205.0	0.9138	0.9092	0.8321	0.9212	0.8596	0.9082	0.875
71	Colorado Mesa University	4	1	0.7544	8146.0	0.782	0.8072	0.8167	0.8275	0.8306	0.8227	0.8212
72	Metropolitan State University of Denver	4	1	0.8333	17255.0	0.613	0.5945	0.6427	0.6387	0.6522	0.6511	0.7116
73	University of Northern Colorado	4	1	0.877	7531.0	0.9084	0.9075	0.8908	0.9027	0.8935	0.7088	0.6957
74	Pikes Peak Community College	3	1		9583.0							
75	Pueblo Community College	3	1		3556.0							
76	Red Rocks Community College	4	1		4518.0							
77	Colorado State University Pueblo	4	1	0.9431	3275.0	0.9303	0.952	0.9534	0.9638	0.9589	0.9278	0.9434
78	United States Air Force Academy	3	1	0.1343	4307.0	0.1108	0.1139	0.1192	0.1508	0.1709	0.1655	0.1542
79	Central Connecticut State University	4	1	0.6485	8402.0	0.6563	0.6724	0.6676	0.6001	0.5867	0.6044	0.6413
80	University of Connecticut	4	1	0.5609	18658.0	0.4942	0.4877	0.4784	0.488	0.5317	0.4996	0.5366
81	Eastern Connecticut State University	4	1	0.697	4104.0	0.6387	0.6573	0.6581	0.5791	0.6356	0.631	0.6453
82	Southern Connecticut State University	4	1	0.7968	7239.0	0.6936	0.6623	0.6492	0.6352	0.646	0.7154	0.7542
83	Western Connecticut State University	4	1	0.8072	4500.0	0.758	0.7924	0.7083	0.6683	0.5729	0.4003	0.6549
84	Delaware Technical Community College-Terry	3	1		11209.0							
85	Delaware State University	4	1	0.3934	3881.0	0.5277	0.4917	0.4518	0.4065	0.4443	0.4374	0.4168
86	University of Delaware	4	1	0.6599	18618.0	0.7136	0.6639	0.6289	0.695	0.6659	0.6783	0.6468
87	University of the District of Columbia	4	1		3297.0							
88	Eastern Florida State College	3	1		10590.0							
89	Broward College	3	1		27128.0							
90	College of Central Florida	3	1		4862.0							
91	University of Central Florida	4	1	0.4517	61111.0	0.4436	0.4253	0.499	0.4999	0.4857	0.4961	0.4894
92	Daytona State College	3	1		9821.0							
93	Florida SouthWestern State College	3	1		11682.0							
94	Florida Agricultural and Mechanical University	4	1	0.3298	7072.0	0.3569	0.3886	0.4563	0.3111	0.5141	0.4895	0.45
95	Florida Atlantic University	4	1	0.7478	24396.0	0.6328	0.5932	0.6001	0.5978	0.6768	0.6603	0.4773
96	Florida State College at Jacksonville	3	1		19053.0							
97	Florida International University	4	1	0.5788	41220.0	0.5751	0.5856	0.5407	0.5007	0.504	0.5278	0.531
98	Florida State University	4	1	0.3245	32384.0	0.3597	0.3678	0.4919	0.5801	0.559	0.5539	0.5681
99	University of Florida	4	1	0.3113	34237.0	0.3469	0.3875	0.4201	0.4594	0.4754	0.4561	0.4655
100	Gulf Coast State College	3	1		3586.0							
101	Indian River State College	3	1		11093.0							
102	Lake-Sumter State College	3	1		3449.0							
103	State College of Florida-Manatee-Sarasota	3	1		7739.0							
104	Miami Dade College	3	1		41353.0							
105	University of North Florida	4	1	0.7992	14308.0	0.7228	0.6108	0.5871	0.6453	0.566	0.6057	0.5343
106	Northwest Florida State College	3	1		3465.0							
107	Palm Beach State College	3	1		22815.0							
108	Pasco-Hernando State College	3	1		7476.0							
109	Pensacola State College	3	1		7030.0							
110	Polk State College	3	1		7491.0							
111	St Petersburg College	3	1		21884.0							
112	Santa Fe College	3	1		11043.0							
113	Seminole State College of Florida	3	1		13829.0							
114	Saint Johns River State College	3	1		4159.0							
115	University of South Florida	4	1	0.4924	37002.0	0.4763	0.4263	0.4536	0.4663	0.4464	0.5316	0.4524
116	Tallahassee Community College	3	1		9888.0							
117	Valencia College	3	1		36915.0							
118	The University of West Florida	4	1	0.5756	9196.0	0.31	0.4242	0.4958	0.4083	0.4154	0.4167	0.4808
119	Abraham Baldwin Agricultural College	3	1	0.7599	3546.0	0.7342	0.6894	0.7021	0.6561	0.7731	0.7726	0.709
120	Albany State University	4	1	0.7302	5839.0	0.6568	0.905		0.4967	0.6371	0.4729	0.1992
121	Clayton  State University	4	1	0.6854	5375.0	0.5114	0.5436	0.4179	0.4092	0.3857	0.4245	0.477
122	Columbus State University	4	1	0.7832	6482.0	0.7942	0.5639	0.534	0.5316	0.5569	0.5522	0.5543
123	Dalton State College	3	1		4366.0							
124	Georgia Highlands College	3	1		5141.0							
125	Georgia Institute of Technology-Main Campus	4	1	0.2134	15743.0	0.2058	0.2153	0.234	0.2577	0.3217	0.3338	0.5493
126	Georgia College & State University	4	1	0.8594	5549.0	0.7959	0.7778	0.7899	0.8452	0.7566	0.7624	0.6798
127	Georgia Southern University	4	1	0.9117	22275.0	0.7377	0.6767	0.6829	0.6455	0.6023	0.631	0.52
128	Georgia State University	4	1	0.8239	28085.0	0.7615	0.7137	0.6985	0.5884	0.5665	0.5944	0.5466
129	University of Georgia	4	1	0.4838	29705.0	0.453	0.4863	0.5401	0.539	0.5288	0.5572	0.5608
130	Savannah State University	4	1	0.4614	3115.0	0.332	0.2918	0.5575	0.5078	0.8264	0.7763	0.8299
131	Valdosta State University	4	1	0.7845	9367.0	0.5717	0.626	0.7417	0.6513	0.5043	0.5414	0.5522
132	University of West Georgia	4	1	0.7762	9444.0	0.593	0.5819	0.5862	0.5909	0.5688	0.4861	0.5385
133	University of Hawaii at Manoa	4	1	0.8369	12864.0	0.5847	0.8352	0.8315	0.8498	0.8142	0.7882	0.8009
134	Boise State University	4	1	0.7749	16973.0	0.7744	0.8075	0.8399	0.8173	0.7957	0.77	0.7766
135	Idaho State University	4	1		6973.0							
136	University of Idaho	4	1	0.7444	6837.0	0.7776	0.7725	0.7309	0.7589	0.7205	0.6748	0.6565
137	Eastern Illinois University	4	1	0.5554	4698.0	0.525	0.5531	0.5151	0.4688	0.5021	0.4976	0.6191
138	University of Illinois Chicago	4	1	0.7263	21702.0	0.727	0.7555	0.7708	0.7359	0.7665	0.7448	0.714
139	University of Illinois Urbana-Champaign	4	1	0.633	33001.0	0.5903	0.6216	0.6153	0.6007	0.6556	0.5904	0.6239
140	Illinois State University	4	1	0.8131	17955.0	0.8194	0.8918	0.8913	0.8888	0.8772	0.7388	0.6892
141	Northern Illinois University	4	1	0.5925	12247.0	0.4835	0.5438	0.5332	0.5184	0.5035	0.5089	0.5613
142	Northeastern Illinois University	4	1	0.607	5170.0	0.5848	0.5563	0.6939	0.7101	0.6704	0.5761	0.5981
143	Southern Illinois University-Carbondale	4	1	0.9178	8115.0	0.6638	0.7185	0.7601	0.7665	0.8064	0.8153	0.7887
144	Southern Illinois University-Edwardsville	4	1	0.8505	9892.0	0.8567	0.8744	0.8951	0.893	0.8822	0.8696	0.8419
145	Western Illinois University	4	1	0.6696	5854.0	0.5666	0.5878	0.5997	0.5945	0.6007	0.6964	0.5931
146	Ball State University	4	1	0.8705	15171.0	0.7671	0.6478	0.6208	0.6225	0.605	0.5988	0.6054
147	Purdue University Fort Wayne	4	1	0.8278	6304.0	0.8143	0.9661	0.9441	0.9326	0.9216	0.9087	0.8309
148	Indiana University-Purdue University-Indianapolis	4	1	0.7854	20441.0	0.8073	0.8112	0.7965	0.7397	0.6967	0.7049	0.6958
149	University of Southern Indiana	4	1	0.9387	6680.0	0.9332	0.9458	0.936	0.9189	0.6933	0.7134	0.6934
150	Indiana State University	4	1	0.9229	8897.0	0.8957	0.8991	0.8451	0.8588	0.8549	0.8254	0.8306
151	Indiana University-South Bend	4	1	0.8687	4260.0	0.777	0.819	0.7771	0.7703	0.7621	0.7333	0.7003
152	Indiana University-Bloomington	4	1	0.8038	32621.0	0.7791	0.7691	0.7601	0.7872	0.7799	0.7609	0.7217
153	Indiana University-Northwest	4	1	0.8168	3293.0	0.7462	0.7961	0.7444	0.758	0.7928	0.7678	0.7625
154	Indiana University-Southeast	4	1	0.8541	3993.0	0.8191	0.8508	0.8275	0.8401	0.8456	0.8032	0.7945
155	Vincennes University	3	1		4850.0							
156	Iowa State University	4	1	0.8842	26566.0	0.9205	0.906	0.8934	0.8749	0.8715	0.8691	0.8252
157	University of Iowa	4	1	0.8428	21909.0	0.8255	0.8267	0.8604	0.8411	0.8074	0.8095	0.8023
158	University of Northern Iowa	4	1	0.7888	8204.0	0.7905	0.8074	0.8083	0.8256	0.7953	0.7691	0.8331
159	Emporia State University	4	1	0.8608	3081.0	0.8467	0.8532	0.8275	0.8743	0.8698	0.7649	0.6069
160	Fort Hays State University	4	1	0.9135	11916.0	0.9115	0.9229	0.8862	0.9073	0.8588	0.8789	0.8917
161	University of Kansas	4	1	0.9093	18438.0	0.931	0.9171	0.9338	0.9301	0.9347	0.9142	0.9228
162	Kansas State University	4	1	0.9415	16063.0	0.9537	0.934	0.9412	0.9407	0.9492	0.9493	0.9591
163	Pittsburg State University	4	1	0.9068	4566.0	0.9555	0.8958	0.8721	0.8734	0.8135	0.7919	0.7898
164	Washburn University	4	1		4202.0							
165	Wichita State University	4	1	0.7963	10770.0	0.917	0.965	0.938	0.8623	0.9473	0.9553	0.9576
166	Eastern Kentucky University	4	1	0.9795	11255.0	0.9383	0.8729	0.8737	0.8633	0.7063	0.7387	0.6002
167	University of Kentucky	4	1	0.9636	21788.0	0.9585	0.9448	0.9577	0.9079	0.8911	0.7221	0.6861
168	University of Louisville	4	1	0.6512	14309.0	0.6928	0.7243	0.753	0.7257	0.7169	0.7386	0.7112
169	Morehead State University	4	1	0.767	5680.0	0.776	0.7926	0.7962	0.8556	0.8539	0.8443	0.8449
170	Murray State University	4	1	0.7703	6981.0	0.8239	0.8142	0.8667	0.8535	0.906	0.7996	0.8217
171	Northern Kentucky University	4	1	0.8703	9604.0	0.9018	0.8926	0.9038	0.9109	0.9189	0.9072	0.467
172	Western Kentucky University	4	1	0.9775	13086.0	0.9726	0.9721	0.9545	0.9402	0.927	0.9332	0.9232
173	Grambling State University	4	1	0.9322	4511.0	0.9723	0.9475	0.4277	0.4514	0.3823	0.4395	0.4363
174	Louisiana State University-Alexandria	3	1	0.6354	3208.0	0.5628	0.5645	0.3107	0.3332	0.6779	0.5455	0.6074
175	Louisiana State University and Agricultural & Mechanical College	4	1	0.7338	25203.0	0.7458	0.7423	0.7392	0.7639	0.7734	0.7663	0.7623
176	Louisiana Tech University	4	1	0.6357	7923.0	0.6409	0.6307	0.6484	0.6319	0.6384	0.6503	0.6744
177	McNeese State University	4	1	0.633	5825.0	0.8074	0.7032	0.6224	0.637	0.8205	0.7527	0.6151
178	University of New Orleans	4	1	0.8291	5985.0	0.5554	0.5726	0.5661	0.6005	0.5766	0.4357	0.5036
179	Nicholls State University	4	1	0.9329	5664.0	0.8799	0.937	0.9374	0.8266	0.902	0.8837	0.8694
180	University of Louisiana at Monroe	4	1	0.7798	5676.0	0.8004	0.7101	0.7546	0.7613	0.8765	0.7722	0.7724
181	Northwestern State University of Louisiana	4	1	0.9485	8181.0	0.8198	0.8198	0.8029	0.618	0.8397	0.7298	0.84
182	Southeastern Louisiana University	4	1	0.9737	11084.0	0.9021	0.8963	0.8834	0.873	0.8795	0.8373	0.448
183	Southern University and A & M College	4	1	0.4345	5350.0	0.349	0.3724	0.4547	0.9879	0.7856	0.5365	0.359
184	University of Louisiana at Lafayette	4	1	0.6728	12972.0	0.6791	0.5599	0.5087	0.511	0.5527	0.558	0.593
185	University of Maine at Augusta	3	1		3077.0							
186	University of Maine	4	1	0.9221	8870.0	0.9024	0.9234	0.9226	0.8975	0.9121	0.8257	0.8106
187	University of Southern Maine	4	1	0.8793	5018.0	0.809	0.8543	0.8348	0.8025	0.8777	0.8395	0.828
188	Bowie State University	4	1	0.8121	5286.0	0.7967	0.3801	0.36	0.4126	0.5747	0.5506	0.5176
189	Frostburg State University	4	1	0.7361	3749.0	0.8014	0.7831	0.7229	0.6272	0.6346	0.5851	0.5945
190	University of Maryland Global Campus	4	1		44442.0							
191	University of Maryland-Baltimore County	4	1	0.6948	10838.0	0.6103	0.5794	0.6021	0.5683	0.5942	0.5961	0.6315
192	University of Maryland-College Park	4	1	0.5096	30214.0	0.4418	0.4716	0.445	0.4806	0.4488	0.4793	0.4699
193	Morgan State University	4	1	0.7359	6263.0	0.6784	0.6625	0.6372	0.603	0.6672	0.6525	0.5757
194	Salisbury University	4	1	0.7762	7023.0	0.7351	0.6217	0.6502	0.6593	0.6063	0.5469	0.5494
195	Towson University	4	1	0.788	18629.0	0.7631	0.79	0.773	0.7374	0.7338	0.5921	0.6034
196	United States Naval Academy	3	1	0.0908	4594.0	0.0833	0.0854	0.0844	0.0795	0.0853	0.0794	0.0735
197	Bridgewater State University	4	1	0.8231	8760.0	0.8766	0.9014	0.8036	0.8096	0.8071	0.7931	0.786
198	Fitchburg State University	4	1	0.8799	3582.0	0.8835	0.8689	0.8004	0.7465	0.7476	0.7231	0.7211
199	Framingham State University	4	1	0.7853	3384.0	0.7425	0.7329	0.6811	0.6481	0.7081	0.6226	0.5167
200	University of Massachusetts-Lowell	4	1	0.752	13364.0	0.7335	0.7183	0.6883	0.6057	0.5679	0.6201	0.6397
201	University of Massachusetts-Amherst	4	1	0.6532	23884.0	0.638	0.5992	0.5758	0.5968	0.5832	0.6139	0.6294
202	University of Massachusetts-Boston	4	1	0.7968	12213.0	0.7614	0.7761	0.7515	0.6852	0.6905	0.7077	0.7141
203	Salem State University	4	1	0.8675	5293.0	0.8558	0.847	0.8191	0.7358	0.749	0.7057	0.6929
204	University of Massachusetts-Dartmouth	4	1	0.7618	5896.0	0.7483	0.7754	0.8427	0.7602	0.7626	0.7682	0.7213
205	Westfield State University	4	1	0.9244	4343.0	0.8716	0.8605	0.8525	0.7792	0.7961	0.7456	0.7487
206	Worcester State University	4	1	0.8103	4648.0	0.8075	0.7785	0.7633	0.7056	0.6857	0.613	0.6062
207	Central Michigan University	4	1	0.6867	12909.0	0.6951	0.6884	0.6775	0.7156	0.6875	0.6927	0.6304
208	Eastern Michigan University	4	1	0.7518	13148.0	0.7406	0.757	0.4474	0.7288	0.7478	0.6887	0.6398
209	Ferris State University	4	1	0.8246	9575.0	0.8664	0.809	0.7416	0.7769	0.7818	0.7842	0.759
210	Grand Valley State University	4	1	0.8752	20265.0	0.8302	0.8275	0.809	0.8168	0.8114	0.8043	0.826
211	Henry Ford College	3	1		9371.0							
212	Jackson College	3	1		3002.0							
213	University of Michigan-Ann Arbor	4	1	0.2611	31189.0	0.2291	0.2283	0.265	0.2859	0.2628	0.3224	0.3326
214	Michigan State University	4	1	0.7631	38413.0	0.7112	0.7768	0.7155	0.6574	0.6628	0.6609	0.6865
215	Michigan Technological University	4	1	0.7036	5574.0	0.7431	0.7388	0.7449	0.7644	0.7544	0.755	0.7659
216	University of Michigan-Dearborn	4	1	0.6751	6542.0	0.6196	0.7797	0.6428	0.6471	0.6227	0.6267	0.6284
217	University of Michigan-Flint	4	1	0.7742	4725.0	0.6596	0.6626	0.6512	0.6519	0.7358	0.7864	0.7809
218	Northern Michigan University	4	1	0.6689	6505.0	0.6559	0.6574	0.7437	0.7587	0.6988	0.7209	0.7313
219	Oakland University	4	1	0.811	14837.0	0.8305	0.8391	0.8441	0.8635	0.8039	0.67	0.66
220	Saginaw Valley State University	4	1	0.8946	6953.0	0.7312	0.7739	0.7384	0.7587	0.7614	0.7996	0.7865
221	Schoolcraft College	3	1		6969.0							
222	Wayne State University	4	1	0.6901	17164.0	0.7314	0.7115	0.6741	0.8146	0.7987	0.7733	0.7624
223	Western Michigan University	4	1	0.8494	15706.0	0.7986	0.811	0.8232	0.8231	0.8238	0.8406	0.8285
224	Bemidji State University	4	1	0.6944	3698.0	0.649	0.6667	0.662	0.6408	0.938	0.9353	0.6678
225	Minnesota State University-Mankato	4	1	0.6726	11840.0	0.6271	0.6092	0.6096	0.6249	0.6663	0.6658	0.6555
226	Metropolitan State University	4	1	0.6189	6155.0	0.562	0.5379	0.5554	1.0	1.0	1.0	1.0
227	University of Minnesota-Twin Cities	4	1	0.6964	30907.0	0.5674	0.5185	0.496	0.4441	0.4458	0.4535	0.4442
228	University of Minnesota-Duluth	4	1	0.7855	8351.0	0.7489	0.7432	0.7663	0.7655	0.7596	0.7678	0.7822
229	Minnesota State University Moorhead	4	1	0.6605	4207.0	0.6538	0.6025	0.6039	0.5961	0.773	0.8419	0.8911
230	Saint Cloud State University	4	1	0.7322	7210.0	0.9004	0.862	0.8578	0.8509	0.862	0.8219	0.8691
231	Winona State University	4	1	0.7518	6249.0	0.6791	0.6572	0.665	0.5975	0.6246	0.6304	0.6075
232	Jackson State University	4	1	0.8998	4650.0	0.6752	0.6893	0.7173	0.6332	0.6752	0.7047	0.6464
233	University of Mississippi	4	1	0.8802	16083.0	0.8814	0.8806	0.8391	0.783	0.7873	0.8122	0.8054
234	Mississippi State University	4	1	0.8004	18724.0	0.5386	0.5692	0.624	0.5567	0.6524	0.7102	0.6482
235	University of Southern Mississippi	4	1	0.9633	11348.0	0.9694	0.9788	0.9843	0.6014	0.5804	0.6674	0.6631
236	University of Central Missouri	4	1	0.6359	6877.0	0.6503	0.8597	0.836	0.7462	0.7945	0.7795	0.8083
237	Missouri Southern State University	4	1	0.9833	4342.0	0.9407	0.9562	0.9508	0.9434	0.9413	0.96	0.9728
238	Missouri Western State University	4	1		3530.0							
239	University of Missouri-Columbia	4	1	0.8178	22622.0	0.8073	0.7784	0.7809	0.747	0.7813	0.7767	0.7861
240	University of Missouri-Kansas City	4	1	0.6301	7077.0	0.613	0.5648	0.6415	0.6187	0.6271	0.6426	0.33
241	Missouri University of Science and Technology	4	1	0.8146	6050.0	0.7918	0.8416	0.8351	0.7933	0.8808	0.8585	0.8215
242	University of Missouri-St Louis	4	1	0.5759	6387.0	0.73	0.7255	0.7594	0.7062	0.7588	0.7578	0.7419
243	Truman State University	4	1	0.721	3845.0	0.6261	0.653	0.6749	0.6769	0.7897	0.7448	0.7219
244	Northwest Missouri State University	4	1	0.8011	5151.0	0.7324	0.7915	0.7411	0.7406	0.7495	0.7658	0.7241
245	Southeast Missouri State University	4	1	0.9333	7659.0	0.8619	0.8293	0.8455	0.8281	0.8429	0.8478	0.8546
246	Missouri State University-Springfield	4	1	0.8657	15343.0	0.8794	0.8497	0.8404	0.8438	0.8585	0.8503	0.851
247	Montana State University	4	1	0.8077	14132.0	0.8194	0.817	0.8311	0.8287	0.8286	0.8385	0.8449
248	The University of Montana	4	1	0.9578	6897.0	0.9397	0.882	0.9264	0.9243	0.9102	0.9272	0.9423
249	University of Nebraska at Kearney	4	1	0.8841	4302.0	0.8518	0.9363	0.8175	0.8508	0.8538	0.8411	0.8486
250	University of Nebraska at Omaha	4	1	0.8229	12535.0	0.8346	0.8168	0.8653	0.8648	0.7594	0.785	0.7078
251	University of Nebraska-Lincoln	4	1	0.7774	20128.0	0.7823	0.7961	0.6438	0.7527	0.7636	0.6989	0.6404
252	Wayne State College	4	1		3021.0							
253	College of Southern Nevada	3	1		27605.0							
254	University of Nevada-Las Vegas	4	1	0.8102	25477.0	0.8069	0.8204	0.8107	0.8278	0.8841	0.8689	0.8512
255	University of Nevada-Reno	4	1	0.873	16637.0	0.8822	0.8815	0.8803	0.8281	0.7852	0.8388	0.8396
256	Truckee Meadows Community College	3	1		6653.0							
257	University of New Hampshire-Main Campus	4	1	0.8481	11663.0	0.8403	0.8352	0.7651	0.7586	0.7861	0.8002	0.7784
258	Keene State College	4	1	0.9066	3057.0	0.8839	0.8136	0.8267	0.8253	0.7876	0.7859	0.8185
259	Plymouth State University	4	1	0.8937	3693.0	0.8482	0.824	0.7879	0.7877	0.7357	0.752	0.7748
260	Rowan University	4	1	0.7801	15708.0	0.7434	0.7272	0.6942	0.7101	0.7109	0.7862	0.5923
261	New Jersey City University	4	1	0.9633	5769.0	0.9464	0.9585	0.9185	0.8505	0.8673	0.7659	0.4129
262	Kean University	4	1	0.7805	11499.0	0.6856	0.8598	0.8222	0.744	0.7427	0.7036	0.8037
263	Montclair State University	4	1	0.8266	16262.0	0.7631	0.7091	0.7066	0.6613	0.7007	0.6683	0.6532
264	New Jersey Institute of Technology	4	1	0.6603	8311.0	0.7281	0.6366	0.6139	0.593	0.6076	0.6339	0.6547
265	Ramapo College of New Jersey	4	1	0.6684	5146.0	0.6558	0.6289	0.5736	0.5326	0.5324	0.5332	0.5526
266	Rutgers University-Camden	4	1	0.7628	5387.0	0.792	0.7138	0.6933	0.5749	0.5838	0.6038	0.5859
267	Rutgers University-New Brunswick	4	1	0.6693	35428.0	0.6122	0.6011	0.578	0.5694	0.5845	0.605	0.5951
268	Rutgers University-Newark	4	1	0.7409	8887.0	0.719	0.6274	0.6424	0.6531	0.6465	0.6275	0.5401
269	Stockton University	4	1	0.7731	8825.0	0.7632	0.8437	0.8153	0.7694	0.709	0.6475	0.6211
270	Thomas Edison State University	4	1		9357.0							
271	The College of New Jersey	4	1	0.5125	7039.0	0.4928	0.498	0.4753	0.4886	0.4867	0.4897	0.4311
272	William Paterson University of New Jersey	4	1	0.8062	7936.0	0.7517	0.9333	0.9239	0.7564	0.7429	0.7458	0.6811
273	Eastern New Mexico University-Main Campus	4	1	0.506	3129.0	0.5825	0.6038	0.6045	0.5731	0.4983	0.6306	0.6321
274	University of New Mexico-Main Campus	4	1	0.9634	15776.0	0.9428	0.6961	0.6704	0.5778	0.5788	0.4538	0.6458
275	New Mexico State University-Main Campus	4	1	0.6267	11107.0	0.5458	0.6566	0.6384	0.5961	0.6576	0.696	0.852
276	CUNY Bernard M Baruch College	4	1	0.4071	15456.0	0.4347	0.3929	0.2925	0.3067	0.3244	0.279	0.2483
277	CUNY Brooklyn College	4	1	0.4974	14054.0	0.4499	0.4426	0.4043	0.3749	0.3731	0.3533	0.3198
278	College of Staten Island CUNY	4	1		11345.0				0.9916	0.9758	0.9427	0.9975
279	CUNY City College	4	1	0.5054	11967.0	0.4649	0.4827	0.4637	0.4539	0.4297	0.3806	0.341
280	CUNY Hunter College	4	1	0.4048	16921.0	0.3517	0.3642	0.4018	0.3788	0.3866	0.3467	0.2972
281	CUNY John Jay College of Criminal Justice	4	1	0.3743	13324.0	0.4053	0.4058	0.3875	0.3376	0.3655	0.3731	0.3405
282	CUNY Lehman College	4	1	0.4701	12087.0	0.3778	0.3967	0.35	0.3248	0.2995	0.2891	0.2328
283	CUNY Medgar Evers College	3	1	0.7848	4793.0	0.9028			0.9841	0.9916	0.9194	0.9141
284	CUNY New York City College of Technology	3	1	0.7907	14615.0	0.877	0.7505	0.772	0.7452	0.7371	0.7278	0.768
285	CUNY Queens College	4	1	0.5349	15735.0	0.4879	0.4765	0.4273	0.4134	0.4044	0.3982	0.3702
286	CUNY York College	4	1	0.5276	6283.0	0.7284	0.5276	0.4447	0.4101	0.405	0.3713	0.351
287	Fashion Institute of Technology	4	1	0.5898	7683.0	0.5389	0.5267	0.4704	0.4041	0.4098	0.4428	0.4484
288	SUNY College of Technology at Alfred	3	1	0.7172	3651.0	0.6674	0.6297	0.6766	0.7199	0.568	0.5424	0.5494
289	SUNY College of Technology at Canton	3	1	0.8301	3033.0	0.8462	0.7799	0.7859	0.8257	0.8473	0.8067	0.7824
290	Farmingdale State College	4	1	0.6016	9462.0	0.5489	0.4607	0.5903	0.5802	0.4401	0.4665	0.5264
291	SUNY at Albany	4	1	0.5715	13051.0	0.5425	0.5208	0.5401	0.5439	0.5644	0.5584	0.5545
292	Binghamton University	4	1	0.4303	14300.0	0.4053	0.3981	0.4036	0.4062	0.4249	0.4406	0.4287
293	University at Buffalo	4	1	0.6695	22059.0	0.6108	0.5585	0.5734	0.5938	0.5999	0.5781	0.5652
294	Stony Brook University	4	1	0.4891	17962.0	0.4415	0.4198	0.4219	0.4067	0.4099	0.4134	0.3948
295	SUNY Brockport	4	1	0.5811	6239.0	0.5474	0.5331	0.5318	0.5533	0.5267	0.4895	0.4774
296	SUNY Buffalo State	4	1	0.8007	7207.0	0.6701	0.6052	0.5756	0.6407	0.6231	0.6155	0.4853
297	SUNY Cortland	4	1	0.522	6243.0	0.4604	0.4425	0.4793	0.5217	0.5084	0.4896	0.4683
298	SUNY at Fredonia	4	1	0.7225	3829.0	0.7112	0.7619	0.6491	0.6235	0.5925	0.5322	0.5154
299	SUNY College at Geneseo	4	1	0.6136	4820.0	0.6547	0.6481	0.7236	0.6685	0.7274	0.5913	0.4566
300	State University of New York at New Paltz	4	1	0.6202	6445.0	0.4518	0.4135	0.443	0.4294	0.4151	0.4193	0.4359
301	SUNY Oneonta	4	1	0.6295	6178.0	0.5604	0.5066	0.5952	0.5284	0.4872	0.4988	0.5073
302	SUNY College at Oswego	4	1	0.689	6623.0	0.5405	0.5362	0.5365	0.5452	0.5101	0.4837	0.4863
303	SUNY at Purchase College	4	1	0.737	3528.0	0.5151	0.6505	0.7401	0.4351	0.408	0.4082	0.3319
304	SUNY College at Old Westbury	4	1	0.5308	4543.0	0.7776	0.7786	0.7822	0.686	0.5009	0.6235	0.5804
305	SUNY College at Plattsburgh	4	1	0.6103	4603.0	0.5848	0.5425	0.529	0.5103	0.4969	0.4786	0.4564
306	SUNY Empire State College	4	1		8221.0						0.8112	0.8053
307	United States Military Academy	3	1	0.0864	4536.0	0.1203	0.1146	0.0956	0.0966	0.1015	0.0947	0.0896
308	Appalachian State University	4	1	0.7951	17990.0	0.7681	0.6946	0.7	0.6832	0.6638	0.6266	0.6323
309	East Carolina University	4	1	0.8792	21766.0	0.7872	0.822	0.7902	0.7034	0.6904	0.7728	0.6217
310	Fayetteville State University	4	1	0.7938	5061.0	0.6851	0.6787	0.6756	0.5927	0.6039	0.5032	0.5496
311	North Carolina A & T State University	4	1	0.5671	10798.0	0.5829	0.6143	0.6223	0.5364	0.6048	0.57	0.6964
312	University of North Carolina at Asheville	4	1	0.7942	3206.0	0.84	0.9363	0.8039	0.7593	0.7851	0.7314	0.6403
313	University of North Carolina at Chapel Hill	4	1	0.25	19261.0	0.2263	0.2271	0.244	0.2694	0.3054	0.285	0.2759
314	University of North Carolina at Charlotte	4	1	0.7953	23852.0	0.6505	0.6683	0.6584	0.6203	0.6331	0.6409	0.6852
315	University of North Carolina at Greensboro	4	1	0.8754	15696.0	0.8246	0.8384	0.7804	0.7393	0.586	0.6073	0.6002
316	North Carolina Central University	4	1	0.8742	5476.0	0.6798	0.4664	0.8281	0.6669	0.6587	0.4322	0.5033
317	North Carolina State University at Raleigh	4	1	0.4622	24671.0	0.4513	0.4685	0.5136	0.4751	0.5043	0.516	0.5001
318	University of North Carolina Wilmington	4	1	0.6797	14326.0	0.6545	0.6125	0.6652	0.7175	0.6096	0.5855	0.5419
319	University of North Carolina at Pembroke	4	1	0.9138	6347.0	0.8493	0.8123	0.8074	0.7356	0.7437	0.7326	0.7204
320	Winston-Salem State University	4	1	0.7252	4560.0	0.6759	0.6531	0.6657	0.6326	0.5853	0.6016	0.5565
321	Western Carolina University	4	1	0.4848	10387.0	0.6871	0.3966	0.3884	0.4069	0.4027	0.4311	0.3766
322	University of North Dakota	4	1	0.8675	9219.0	0.8112	0.8221	0.8348	0.8369	0.8189	0.86	0.737
323	North Dakota State University-Main Campus	4	1	0.941	10311.0	0.9356	0.9253	0.9159	0.928	0.9364	0.8274	0.841
324	University of Akron Main Campus	4	1	0.7304	12095.0	0.7304	0.6893	0.9255	0.9592	0.966	0.9571	0.9649
325	Bowling Green State University-Main Campus	4	1	0.753	13342.0	0.7182	0.7227	0.732	0.7605	0.7268	0.5337	0.7247
326	Central State University	3	1	0.5804	4009.0	0.5679	0.5708	0.4801	0.4201	0.395	0.3772	0.3328
327	University of Cincinnati-Main Campus	4	1	0.764	27425.0	0.7667	0.7312	0.7649	0.7642	0.7588	0.7578	0.7325
328	University of Cincinnati-Blue Ash College	3	1		4814.0							
329	Cleveland State University	4	1	0.936	10917.0	0.9401	0.8834	0.9006	0.8745	0.8804	0.8421	0.6287
330	Kent State University at Stark	3	1		3965.0							
331	Kent State University at Kent	4	1	0.8443	20694.0	0.8554	0.8535	0.8751	0.8536	0.8476	0.8438	0.8302
332	Miami University-Oxford	4	1	0.9195	16418.0	0.8532	0.7455	0.682	0.6538	0.6549	0.6584	0.6676
333	Ohio State University-Main Campus	4	1	0.6849	45862.0	0.5374	0.5197	0.4806	0.5411	0.4938	0.5296	0.5553
334	Ohio University-Main Campus	4	1	0.8749	18752.0	0.8207	0.783	0.7393	0.7485	0.7442	0.7427	0.7295
335	University of Toledo	4	1	0.9468	13205.0	0.964	0.9365	0.9435	0.9432	0.932	0.9473	0.9073
336	Wright State University-Main Campus	4	1	0.9564	7768.0	0.9545	0.949	0.9677	0.9525	0.9597		
337	Youngstown State University	4	1	0.6993	9112.0	0.6739	0.6877	0.6363	0.6745	0.711	0.833	
338	Cameron University	4	1		3126.0							
339	University of Central Oklahoma	4	1	0.8049	12056.0	0.841	0.7822	0.7552	0.7503	0.6991	0.9032	0.8398
340	Northeastern State University	4	1	0.9949	5646.0	0.9961	0.9754	0.9569	0.9375	0.9275	0.7501	0.7337
341	Oklahoma State University-Main Campus	4	1	0.6709	19782.0	0.6998	0.7379	0.7428	0.7452	0.7513	0.7495	0.7602
342	Oklahoma State University-Oklahoma City	3	1		4189.0							
343	University of Oklahoma-Norman Campus	4	1	0.8338	21087.0	0.8041	0.7769	0.74	0.7084	0.7764	0.8133	0.8044
344	Southeastern Oklahoma State University	4	1	0.7859	3078.0	0.7372	0.7539	0.724	0.7733	0.7222	0.7867	0.7992
345	Southwestern Oklahoma State University	4	1	0.932	3834.0	0.9107	0.9186	0.9197	0.9083	0.9155	0.8526	0.9026
346	Oregon Institute of Technology	4	1	0.9513	3571.0	0.971	0.9585	0.6142	0.7304	0.5696	0.5984	0.7135
347	Oregon State University	4	1	0.8221	26048.0	0.8233	0.8063	0.7884	0.7748	0.7836	0.7776	0.7894
348	University of Oregon	4	1	0.8381	17972.0	0.818	0.8337	0.8281	0.7787	0.7422	0.749	0.7417
349	Portland State University	4	1	0.9519	16596.0	0.958	0.902	0.9244	0.8942	0.8568	0.6933	0.6117
350	Southern Oregon University	4	1	0.9043	3462.0	0.782	0.7647	0.7848	0.782	0.9523	0.7737	0.7304
351	Western Oregon University	4	1	0.7914	3994.0	0.8459	0.8447	0.8059	0.8776	0.8777	0.8874	0.882
352	Bloomsburg University of Pennsylvania	4	1	0.8903	7346.0	0.8421	0.7678	0.7325	0.7756	0.8772	0.8781	0.8856
353	California University of Pennsylvania	4	1	0.9432	4694.0	0.9713	0.9699	0.961	0.9646	0.8493	0.8967	0.9269
354	Clarion University of Pennsylvania	4	1	0.9423	3459.0	0.9504	0.941	0.9549	0.9414	0.9607	0.9271	0.9348
355	East Stroudsburg University of Pennsylvania	4	1	0.905	4921.0	0.847	0.8156	0.8356	0.8335	0.8404	0.8146	0.7844
356	Indiana University of Pennsylvania-Main Campus	4	1	0.931	7702.0	0.93	0.93	0.9082	0.9154	0.8834	0.9473	0.9049
357	Kutztown University of Pennsylvania	4	1	0.9319	6735.0	0.8992	0.831	0.8314	0.7977	0.8225	0.7967	0.8179
358	Millersville University of Pennsylvania	4	1	0.8455	6314.0	0.7927	0.7796	0.7949	0.6948	0.7305	0.6871	0.7186
359	University of Pittsburgh-Pittsburgh Campus	4	1	0.6388	19154.0	0.5665	0.5927	0.5971	0.5541	0.5389	0.5312	0.5613
360	Shippensburg University of Pennsylvania	4	1	0.9392	5120.0	0.9123	0.8762	0.8355	0.8831	0.8914	0.8313	0.8341
361	Slippery Rock University of Pennsylvania	4	1	0.7398	7332.0	0.7065	0.7317	0.7149	0.6949	0.6836	0.6597	0.6698
362	Temple University	4	1	0.7142	26969.0	0.6004	0.5851	0.5667	0.5219	0.5568	0.6173	0.6387
363	West Chester University of Pennsylvania	4	1	0.8625	14437.0	0.7532	0.7444	0.685	0.6448	0.5868	0.5348	0.5156
364	Rhode Island College	4	1	0.8127	5892.0	0.7839	0.7346	0.7359	0.7469	0.7162	0.6545	0.6915
365	University of Rhode Island	4	1	0.7551	13971.0	0.7477	0.6948	0.7006	0.7276	0.7355	0.7681	0.7871
366	College of Charleston	4	1	0.7432	9100.0	0.7833	0.7926	0.8045	0.8413	0.7715	0.7802	0.7031
367	Clemson University	4	1	0.6194	20796.0	0.5126	0.4719	0.4718	0.5054	0.5127	0.5152	0.5787
368	Francis Marion University	4	1	0.7525	3025.0	0.6804	0.6419	0.6005	0.6156	0.5887	0.5911	0.5667
369	Lander University	4	1	0.5703	3279.0	0.4316	0.4257	0.4757	0.6175	0.6197	0.5778	0.4216
370	University of South Carolina-Columbia	4	1	0.6835	27053.0	0.6865	0.6306	0.7231	0.6814	0.6453	0.652	0.606
371	Coastal Carolina University	4	1	0.7045	9085.0	0.6887	0.6955	0.6119	0.6118	0.5965	0.636	0.7404
372	University of South Carolina-Upstate	4	1	0.5954	4999.0	0.5813	0.5719	0.5784	0.5463	0.5604	0.4682	0.6422
373	Winthrop University	4	1	0.6394	4219.0	0.6878	0.6728	0.7339	0.685	0.671	0.7118	0.7225
374	South Dakota State University	4	1	0.8894	8908.0	0.9004	0.9243	0.9137	0.9076	0.917	0.9201	0.919
375	University of South Dakota	4	1	0.9095	5684.0	0.8638	0.858	0.8691	0.8813	0.7354	0.8882	0.8788
376	Austin Peay State University	4	1	0.9115	8195.0	0.9498	0.9378	0.9013	0.8886	0.8771	0.8927	0.8595
377	East Tennessee State University	4	1	0.7838	10705.0	0.8593	0.8713	0.8547	0.9164	0.7922	0.9174	0.8649
378	University of Memphis	4	1	0.852	15444.0	0.8475	0.843	0.8482	0.5668	0.3978	0.474	0.6841
379	Middle Tennessee State University	4	1	0.942	18005.0	0.9371	0.9353	0.5935	0.6861	0.726	0.7206	0.6996
380	The University of Tennessee-Chattanooga	4	1	0.8311	10256.0	0.8205	0.7562	0.8279	0.7826	0.7922	0.7728	0.7757
381	The University of Tennessee-Knoxville	4	1	0.7815	24146.0	0.7885	0.7778	0.7697	0.7722	0.763	0.7483	0.7249
382	The University of Tennessee-Martin	4	1	0.6495	5151.0	0.6449	0.689	0.6151	0.667	0.6965	0.7334	0.7668
383	Tennessee State University	4	1		5707.0							
384	Tennessee Technological University	4	1	0.7963	8564.0	0.7902	0.7576	0.644	0.6721	0.6832	0.9441	0.9316
385	Angelo State University	4	1	0.7816	5674.0	0.7659	0.7324	0.7359	0.7437	0.7672	0.8244	0.8049
386	Austin Community College District	3	1		28882.0							
387	Texas A & M University-Corpus Christi	4	1	0.9013	8374.0	0.8	0.8699	0.6046	0.6465	0.8377	0.8462	0.9258
388	Texas A & M University-Commerce	4	1	0.6006	8290.0	0.4313	0.4157	0.3454	0.4614	0.4744	0.4784	0.6818
389	University of Houston-Clear Lake	4	1	0.8073	6559.0	0.7361	0.6942	0.7225	0.6471	0.6538	0.5736	
390	University of Houston-Downtown	4	1	0.9282	13549.0	0.8868	0.8317	0.8408	0.8288	0.7763	0.8417	0.9509
391	University of Houston-Victoria	4	1	0.6706	3388.0	0.5553	0.5393	0.4881	0.4809	0.5317	0.5576	0.5102
392	University of Houston	4	1	0.6279	38116.0	0.6498	0.6234	0.6111	0.5854	0.5972	0.6299	0.5841
393	Lamar University	4	1	0.8268	8220.0	0.8381	0.8432	0.8165	0.7618	0.7911	0.7881	0.7682
394	Laredo College	3	1		9122.0							
395	Texas A & M International University	4	1	0.5893	6552.0	0.5415	0.5208	0.4959	0.5298	0.4801	0.467	0.4785
396	Midland College	3	1		4529.0							
397	Midwestern State University	4	1	0.7096	5056.0	0.7925	0.7107	0.814	0.7446	0.76	0.6164	0.7178
398	University of North Texas	4	1	0.8398	32814.0	0.7361	0.7105	0.7241	0.7179	0.7015	0.6538	0.5969
399	The University of Texas Rio Grande Valley	4	1	0.8239	26754.0	0.8016	0.8104	0.8048	0.6393	0.8224	0.628	0.6217
400	Prairie View A & M University	4	1	0.7637	8372.0	0.801	0.7434	0.7893	0.8548	0.8595	0.3913	0.4232
401	Sam Houston State University	4	1	0.925	18811.0	0.834	0.7854	0.7439	0.7195	0.7271	0.7367	0.6499
402	Stephen F Austin State University	4	1	0.7611	10007.0	0.6795	0.6765	0.6543	0.6245	0.6157	0.5851	0.5687
403	Texas State University	4	1	0.8454	33193.0	0.8113	0.7778	0.7298	0.7113	0.7084	0.729	0.7508
404	Tarleton State University	4	1	0.5775	11893.0	0.5577	0.5507	0.5038	0.5039	0.4967	0.5254	0.5682
405	Texas A & M University-Kingsville	4	1	0.8792	5114.0	0.7726	0.8911	0.8413	0.8234	0.8237	0.8357	0.881
406	Texas A & M University-College Station	4	1	0.6327	54942.0	0.5779	0.6762	0.7054	0.6717	0.6664	0.7103	0.6947
407	The University of Texas at Arlington	4	1	0.8775	34726.0	0.8289	0.7952	0.7122	0.6982	0.6636	0.614	0.5998
408	The University of Texas at Austin	4	1	0.3195	39624.0	0.3182	0.3852	0.3649	0.4037	0.3924	0.3966	0.4019
409	The University of Texas at Dallas	4	1	0.7936	21186.0	0.7859	0.6922	0.7603	0.6799	0.6148	0.6194	0.5857
410	The University of Texas at El Paso	4	1	0.9997	21070.0	0.9999	0.9999	1.0	0.9999	0.9999	0.9989	0.9981
411	The University of Texas at Tyler	4	1	0.9163	6840.0	0.8319	0.7829	0.6499	0.6935	0.6447	0.8358	0.8203
412	The University of Texas Permian Basin	4	1	0.879	3646.0	0.8832	0.905	0.8946	0.8148	0.8449	0.87	0.8401
413	The University of Texas at San Antonio	4	1	0.8354	29169.0	0.7659	0.7903	0.7946	0.7641	0.7795	0.7591	0.7327
414	Texas Southern University	4	1	0.6637	5298.0	0.9086	0.5663	0.6666	0.5149	0.509	0.5192	0.4503
415	Texas Tech University	4	1	0.7003	32412.0	0.6891	0.7067	0.6918	0.626	0.6306	0.6613	0.663
416	Texas Woman's University	4	1	0.9368	9297.0	0.9323	0.868	0.8571	0.8588	0.8592	0.8531	0.8603
417	Tyler Junior College	3	1		9290.0							
418	West Texas A & M University	4	1	0.5825	7326.0	0.6895	0.6488	0.6136	0.5997	0.6689	0.6742	0.7403
419	Dixie State University	4	1		8812.0							
420	Snow College	3	1		3230.0							
421	Southern Utah University	4	1	0.7556	8356.0	0.7835	0.7918	0.758	0.7228	0.7214	0.6103	0.5709
422	Utah State University	4	1	0.9104	21087.0	0.9095	0.8905	0.8908	0.9025	0.9667	0.9783	0.9674
423	Utah Valley University	4	1		28120.0							
424	University of Utah	4	1	0.794	23645.0	0.6212	0.6686	0.6615	0.7642	0.8143	0.8142	0.8174
425	Weber State University	4	1		16664.0							
426	University of Vermont	4	1	0.7132	10585.0	0.673	0.6756	0.672	0.6894	0.7085	0.7344	0.7755
427	William & Mary	4	1	0.4216	6217.0	0.3768	0.3692	0.3592	0.3652	0.3446	0.3302	0.3321
428	Christopher Newport University	4	1	0.7642	4745.0	0.7189	0.6777	0.7239	0.6216	0.601	0.5588	0.5902
429	George Mason University	4	1	0.892	26514.0	0.8674	0.8106	0.8132	0.8099	0.7973	0.6665	0.6203
430	James Madison University	4	1	0.8049	19550.0	0.7675	0.7113	0.752	0.7213	0.7257	0.6573	0.6356
431	Longwood University	4	1	0.8734	3525.0	0.8989	0.8913	0.9183	0.7395	0.789	0.7292	0.8136
432	University of Mary Washington	4	1	0.7549	3981.0	0.7473	0.7175	0.735	0.7445	0.8265	0.7672	0.8096
433	Norfolk State University	4	1	0.9107	4977.0	0.9169	0.8969	0.9013	0.8549	0.7894	0.6567	0.6499
434	Old Dominion University	4	1	0.9541	19391.0	0.8933	0.8699	0.8572	0.8464	0.8311	0.8189	0.7679
435	Radford University	4	1	0.7868	7267.0	0.7532	0.7458	0.7432	0.812	0.8308	0.7891	0.7831
436	Virginia Polytechnic Institute and State University	4	1	0.6577	29893.0	0.7004	0.6485	0.7006	0.7087	0.7341	0.7263	0.7028
437	Virginia Commonwealth University	4	1	0.906	21334.0	0.8714	0.8625	0.839	0.8115	0.7895	0.7535	0.6913
438	University of Virginia-Main Campus	4	1	0.2258	17076.0	0.2394	0.2643	0.2735	0.2986	0.2979	0.29	0.2999
439	Virginia State University	4	1	0.9626	3653.0	0.9505	0.9109	0.9111	0.9448	0.7698	0.8006	0.9459
440	Bellevue College	3	1		5775.0							
441	Central Washington University	4	1	0.8599	10264.0	0.8492	0.7783	0.8634	0.7971	0.8162	0.8646	0.8216
442	Clark College	3	1		6292.0							
443	Columbia Basin College	3	1		5867.0							
444	Eastern Washington University	4	1	0.7894	8845.0	0.957	0.6342	0.962	0.9548	0.8208	0.7439	0.7967
445	Edmonds College	3	1		3259.0							
446	Pierce College District	3	1		7028.0							
447	Green River College	3	1		5658.0							
448	Highline College	3	1		4109.0							
449	Olympic College	3	1		4316.0							
450	Skagit Valley College	3	1		3246.0							
451	Spokane Community College	3	1		5216.0							
452	Spokane Falls Community College	3	1		4039.0							
453	Tacoma Community College	3	1		5405.0							
454	Washington State University	4	1	0.7995	25084.0	0.758	0.7719	0.7306	0.7204	0.7964	0.8208	0.8208
455	University of Washington-Seattle Campus	4	1	0.5586	31145.0	0.5176	0.4869	0.4642	0.4535	0.5333	0.5521	0.5523
456	Western Washington University	4	1	0.9351	14121.0	0.9038	0.8766	0.8479	0.8312	0.8238	0.8457	0.8371
457	Fairmont State University	4	1	0.9434	3298.0	0.8536	0.806	0.7061	0.6496	0.6479	0.6651	0.6649
458	Marshall University	4	1	0.8925	7595.0	0.8689	0.9062	0.9019	0.8943	0.879	0.7653	0.7868
459	West Virginia University	4	1	0.8389	19669.0	0.8428	0.8161	0.719	0.7612	0.8581	0.8579	0.851
460	Madison Area Technical College	4	1		9500.0							
461	University of Wisconsin-Whitewater	4	1	0.7992	9900.0	0.7893	0.7578	0.7035	0.6935	0.805	0.8179	0.8468
462	University of Wisconsin-Eau Claire	4	1	0.8436	10093.0	0.8163	0.7796	0.7567	0.78	0.852	0.8369	0.7646
463	University of Wisconsin-Green Bay	4	1	0.8982	6657.0	0.8524	0.7858	0.7553	0.7313	0.847	0.8735	0.8476
464	University of Wisconsin-La Crosse	4	1	0.7515	9375.0	0.73	0.7065	0.7337	0.7424	0.8	0.7629	0.72
465	University of Wisconsin-Oshkosh	4	1	0.7858	9147.0	0.7633	0.7084	0.6309	0.6502	0.8149	0.8034	0.8134
466	University of Wisconsin-Parkside	4	1	0.6631	3612.0	0.6582	0.6712	0.6077	0.6246	0.8159	0.8602	0.7547
467	University of Wisconsin-Stout	4	1	0.901	6788.0	0.9054	0.9011	0.8718	0.884	0.9305	0.908	0.8927
468	University of Wisconsin-Madison	4	1	0.5725	31651.0	0.5441	0.5173	0.5381	0.5262	0.5761	0.5694	0.6792
469	University of Wisconsin-Milwaukee	4	1	0.7869	18910.0	0.7657	0.7403	0.7248	0.7329	0.8578	0.8955	0.8608
470	University of Wisconsin-Platteville	4	1	0.8148	6757.0	0.8484	0.8236	0.7971	0.8033	0.9431	0.944	0.9647
471	University of Wisconsin-River Falls	4	1	0.7685	5238.0	0.7888	0.7507	0.7452	0.7215	0.8978	0.8954	0.8663
472	University of Wisconsin-Stevens Point	4	1	0.8654	7258.0	0.8452	0.8329	0.8356	0.8142	0.9007	0.8941	0.8285
473	University of Wyoming	4	1	0.9423	9140.0	0.9596	0.9603	0.9682	0.9508	0.9566	0.9766	0.9569
474	University of Guam	4	1		3096.0							
475	University of Puerto Rico-Arecibo	3	1	0.6102	3378.0	0.4995	0.4995	0.3745	0.5106	0.8891	0.788	0.5302
476	University of Puerto Rico-Bayamon	3	1	0.9107	3592.0	0.7815	0.6988	0.6075	0.2274	0.2426	0.2591	0.2547
477	University of Puerto Rico-Humacao	3	1	0.532	3049.0	0.4832	0.4187	0.376	0.4282	0.4841	0.4853	0.4487
478	University of Puerto Rico-Mayaguez	4	1	0.674	11776.0	0.804	0.6351	0.7354	0.7377	0.7734	0.7603	0.725
479	University of Puerto Rico-Rio Piedras	4	1	0.4865	10784.0	0.4881	0.4267	0.3988	0.5125	0.2939	0.2817	0.5248
480	Purdue University-Main Campus	4	1	0.6715	35517.0	0.5983	0.5798	0.5747	0.5597	0.5897	0.5929	0.6042
481	Pennsylvania College of Technology	3	1		4542.0							
482	California State University-San Marcos	4	1	0.7942	15016.0	0.6167	0.5842	0.5676	0.5184	0.5404	0.618	0.6251
483	University of Washington-Bothell Campus	4	1	0.8793	5618.0	0.7414	0.7935	0.8011	0.803	0.7873	0.7915	0.7568
484	University of Washington-Tacoma Campus	4	1	0.8605	4552.0	0.8731	0.8556	0.8385	0.8381	0.8256	0.8452	0.8523
485	South Texas College	3	1		15961.0							
486	California State University-Monterey Bay	4	1	0.8562	6456.0	0.7528	0.5852	0.532	0.3524	0.4869	0.6936	0.444
487	Florida Gulf Coast University	4	1	0.7749	13530.0	0.6667	0.6492	0.6426	0.5615	0.6058	0.5888	0.6579
488	Nevada State College	3	1	0.8993	4287.0	0.848	0.8134	0.8422	0.7608	0.6505	0.5459	0.5037
489	California State University-Channel Islands	4	1	0.7943	6938.0	0.8579	0.7834	0.7827	0.7384	0.6764	0.7241	0.6443
490	University of California-Merced	4	1	0.848	8276.0	0.7196	0.6617	0.6979	0.7417	0.6069	0.6718	0.7551
491	Georgia Gwinnett College	3	1	0.9451	11013.0	0.9394						
492	Texas A&M University-San Antonio	4	1	0.5985	6010.0	0.4386	0.2977	0.3464	0.3881			
493	Colorado State University-Global Campus	4	1	0.9826	7528.0	0.9856						
494	Augusta University	4	1	0.8288	5322.0	0.7593	0.8006	0.7459	0.7723	0.7366	0.7654	0.4103
495	Middle Georgia State University	4	1	0.9932	7380.0	0.9416	0.9196	0.9116	0.7066	0.625	0.6038	0.4486
496	University of North Georgia	4	1	0.8145	17341.0	0.8148	0.8094	0.7807	0.7504	0.9607	0.6948	0.6102
497	Arizona State University Digital Immersion	4	1	0.7258	40275.0	0.6379	0.6829	0.6342	0.6206	0.5631	0.6091	0.6343
498	Georgia Military College	3	1		4779.0							
499	Kennesaw State University	4	1	0.8311	36284.0	0.7522	0.5794	0.6063	0.585	0.5855	0.5345	0.5654
